order_id,first_name,last_name,product_id,category,quantity,amount,payment_method,city,email
2,Rahul,Gupta  ,1056,  Clothing,1,4099.15,Card,Chennai,rahul.gupta2@gmail.com
3,  Neha  ,Rao  ,1089,Electronics  ,4,2687.2,Cash,Mumbai,neha.rao3@gmail.com
4,Arjun  ,Sharma,1026,  Electronics  ,1,4697.73,Net Banking,Delhi,arjun.sharma4@gmail.com
5,Amit  ,  Naidu  ,1081,  Clothing  ,3,591.64,Wallet,Pune,amit.naidu5@gmail.com
6,  Vamsi  ,Das,1077,  Groceries,7,858.0,UPI,Kolkata,vamsi.das6@gmail.com
7,Ravi  ,  Verma,1004,Sports,5,1364.2,Card,Hyderabad,ravi.verma7@gmail.com
8,  Ramesh,Patel,1041,Electronics,3,2204.21,Cash,Bangalore,ramesh.patel8@gmail.com
9,Pooja  ,  Kumar  ,1022,  Clothing  ,2,635.57,Net Banking,Chennai,pooja.kumar9@gmail.com
10,Kavya  ,Rao,1023,  Clothing,4,3181.25,Wallet,Mumbai,kavya.rao10@gmail.com
13,Ramesh  ,  Reddy,1069,  Furniture  ,8,1060.56,UPI,Delhi,ramesh.reddy13@gmail.com
14,Neha  ,  Naidu  ,1001,  Sports  ,6,2577.52,Card,Pune,neha.naidu14@gmail.com
15,  Arjun,Verma  ,1088,Clothing,8,2739.09,Cash,Kolkata,arjun.verma15@gmail.com
16,  Anjali,  Rao,1006,  Books,9,4263.93,Net Banking,Hyderabad,anjali.rao16@gmail.com
18,Arjun  ,  Patel  ,1058,  Groceries,6,5087.33,Wallet,Bangalore,arjun.patel18@gmail.com
19,  Arjun,Rao,1099,Books,6,1303.04,UPI,Chennai,arjun.rao19@gmail.com
20,Vamsi,  Reddy,1096,Sports  ,3,1044.32,Card,Mumbai,vamsi.reddy20@gmail.com
21,  Rahul,  Verma  ,1010,  Clothing  ,3,1714.98,Cash,Delhi,rahul.verma21@gmail.com
22,  Ramesh,Kumar  ,1086,Furniture  ,6,5241.66,Net Banking,Pune,ramesh.kumar22@gmail.com
24,  Pooja  ,Kumar,1084,Clothing  ,9,1602.84,Wallet,Kolkata,pooja.kumar24@gmail.com
25,  Rahul  ,  Das,1062,  Clothing  ,2,3812.4,UPI,Hyderabad,rahul.das25@gmail.com
26,Ravi,Das,1085,Groceries,1,450.74,Credit Card,Chennai,ravi.das26@gmail.com
27,  Divya  ,Verma,1027,  Books  ,6,3126.36,UPI,Delhi,divya.verma27@gmail.com
28,Kiran  ,  Sharma,1011,  Groceries,3,3815.19,UPI,Kolkata,kiran.sharma28@gmail.com
30,  Ravi  ,Das,1029,Groceries,10,3033.36,Net Banking,Pune,ravi.das30@gmail.com
31,  Ravi,  Patel  ,1046,Furniture,6,2854.68,Cash,Hyderabad,ravi.patel31@gmail.com
34,  Priya,  Rao,1046,  Clothing,3,4665.66,Net Banking,Kolkata,priya.rao34@gmail.com
35,  Arjun,  Sharma  ,1064,Furniture,10,2698.38,Credit Card,Bangalore,arjun.sharma35@gmail.com
37,Rahul  ,  Kumar,1086,  Groceries,6,511.39,Debit Card,Hyderabad,rahul.kumar37@gmail.com
39,Divya,  Singh  ,1032,Furniture  ,4,430.22,Debit Card,Hyderabad,divya.singh39@gmail.com
41,  Pooja  ,Sharma,1045,Electronics  ,3,1324.31,Cash,Mumbai,pooja.sharma41@gmail.com
42,  Kavya,  Gupta  ,1085,  Sports  ,3,4809.57,Net Banking,Pune,kavya.gupta42@gmail.com
43,  Suresh  ,  Patel  ,1085,Furniture  ,7,1888.58,Credit Card,Hyderabad,suresh.patel43@gmail.com
44,Anjali,  Rao  ,1073,Furniture  ,9,1341.49,UPI,Hyderabad,anjali.rao44@gmail.com
46,Vamsi  ,Naidu,1078,  Groceries  ,3,3019.96,UPI,Chennai,vamsi.naidu46@gmail.com
47,  Anjali,  Rao  ,1031,  Groceries,2,2961.17,Debit Card,Delhi,anjali.rao47@gmail.com
49,  Arjun  ,Naidu  ,1062,Groceries,3,1915.01,UPI,Bangalore,arjun.naidu49@gmail.com
51,  Kiran  ,  Kumar  ,1038,  Clothing,8,4129.03,UPI,Hyderabad,kiran.kumar51@gmail.com
52,Priya  ,Reddy  ,1025,  Furniture  ,8,3986.11,Credit Card,Pune,priya.reddy52@gmail.com
54,  Kiran,  Gupta  ,1026,  Sports,7,2803.97,UPI,Kolkata,kiran.gupta54@gmail.com
58,  Vamsi  ,  Gupta  ,1026,Groceries  ,3,4638.2,Credit Card,Bangalore,vamsi.gupta58@gmail.com
59,  Ravi,Gupta,1041,Books,4,1238.11,Cash,Kolkata,ravi.gupta59@gmail.com
61,Divya,Verma  ,1019,  Books  ,4,3218.28,Debit Card,Delhi,divya.verma61@gmail.com
63,Vamsi,Sharma,1100,Sports,6,4478.25,Debit Card,Delhi,vamsi.sharma63@gmail.com
65,  Divya  ,  Gupta  ,1032,  Sports,1,3333.31,Debit Card,Kolkata,divya.gupta65@gmail.com
68,Sneha  ,  Patel  ,1030,  Sports  ,4,1078.0,Cash,Hyderabad,sneha.patel68@gmail.com
74,Pooja,  Reddy,1091,  Electronics  ,8,3425.05,Debit Card,Delhi,pooja.reddy74@gmail.com
75,Kiran  ,Verma  ,1021,Books  ,2,3012.27,UPI,Bangalore,kiran.verma75@gmail.com
76,  Anjali  ,  Sharma,1069,  Clothing,3,376.59,Debit Card,Chennai,anjali.sharma76@gmail.com
77,Sneha,  Verma  ,1100,  Groceries,4,2889.09,UPI,Kolkata,sneha.verma77@gmail.com
79,  Ravi  ,  Das  ,1059,Sports  ,4,4582.31,Debit Card,Kolkata,ravi.das79@gmail.com
80,Pooja,Rao,1053,  Groceries,1,4076.25,Net Banking,Kolkata,pooja.rao80@gmail.com
82,Rahul  ,  Verma,1060,Books,3,4651.15,UPI,Hyderabad,rahul.verma82@gmail.com
83,Rahul  ,  Kumar  ,1057,  Books,6,3045.44,Credit Card,Bangalore,rahul.kumar83@gmail.com
85,  Pooja,Das  ,1011,  Sports  ,3,785.2,Debit Card,Kolkata,pooja.das85@gmail.com
86,Pooja,Rao,1051,Furniture,2,4846.37,Net Banking,Pune,pooja.rao86@gmail.com
87,Neha  ,  Gupta,1037,  Books,6,783.92,Net Banking,Delhi,neha.gupta87@gmail.com
88,Divya  ,  Sharma,1009,Sports  ,3,4765.85,UPI,Hyderabad,divya.sharma88@gmail.com
90,Ravi  ,  Gupta  ,1041,  Sports,7,352.22,Credit Card,Kolkata,ravi.gupta90@gmail.com
93,  Ramesh,Naidu,1020,Furniture,10,2967.72,Credit Card,Chennai,ramesh.naidu93@gmail.com
94,  Sneha,  Kumar  ,1038,Clothing,7,4885.59,Credit Card,Kolkata,sneha.kumar94@gmail.com
95,  Sneha,  Das  ,1100,  Groceries  ,3,1348.54,Debit Card,Mumbai,sneha.das95@gmail.com
98,Ravi  ,  Reddy,1008,  Sports  ,1,3598.46,Debit Card,Delhi,ravi.reddy98@gmail.com
101,Rahul,  Das,1009,  Clothing  ,8,4039.51,Debit Card,Kolkata,rahul.das101@gmail.com
102,  Ravi  ,Rao,1026,Books,8,1187.43,UPI,Hyderabad,ravi.rao102@gmail.com
104,Sneha  ,Naidu  ,1033,  Electronics  ,6,2535.65,Debit Card,Pune,sneha.naidu104@gmail.com
105,Suresh,  Verma,1095,Furniture  ,10,3562.09,Cash,Bangalore,suresh.verma105@gmail.com
109,  Vamsi,  Verma,1097,  Furniture,2,2157.65,Net Banking,Hyderabad,vamsi.verma109@gmail.com
111,Divya  ,Verma  ,1018,Furniture  ,3,652.52,Credit Card,Bangalore,divya.verma111@gmail.com
114,  Priya,Verma,1091,  Electronics  ,3,4291.31,UPI,Pune,priya.verma114@gmail.com
116,  Ramesh,Rao,1003,  Furniture  ,3,4041.28,Credit Card,Chennai,ramesh.rao116@gmail.com
117,Sneha  ,Patel  ,1010,Clothing,8,3606.86,UPI,Mumbai,sneha.patel117@gmail.com
118,Suresh  ,Sharma  ,1026,Electronics  ,8,883.29,Net Banking,Delhi,suresh.sharma118@gmail.com
119,Suresh,  Kumar  ,1037,  Books,10,309.56,Debit Card,Delhi,suresh.kumar119@gmail.com
121,  Amit  ,Sharma,1084,Sports,10,2759.52,Credit Card,Delhi,amit.sharma121@gmail.com
123,Anjali  ,  Verma,1089,Books,6,2815.05,UPI,Hyderabad,anjali.verma123@gmail.com
124,  Kavya,  Das  ,1069,Sports,7,3930.97,Net Banking,Delhi,kavya.das124@gmail.com
125,  Vamsi  ,  Reddy  ,1003,Clothing,8,1431.67,Cash,Bangalore,vamsi.reddy125@gmail.com
127,  Ramesh  ,Das  ,1057,Groceries,2,4544.97,Cash,Delhi,ramesh.das127@gmail.com
131,  Ravi,Reddy  ,1017,  Groceries  ,8,3969.42,UPI,Hyderabad,ravi.reddy131@gmail.com
132,Divya,Singh  ,1049,Books,10,1301.3,UPI,Chennai,divya.singh132@gmail.com
133,Anjali,Naidu  ,1095,Electronics,8,3677.93,Debit Card,Bangalore,anjali.naidu133@gmail.com
135,Ravi  ,  Patel,1046,  Clothing  ,3,4323.51,Cash,Delhi,ravi.patel135@gmail.com
137,  Sneha,  Verma  ,1019,  Furniture,1,4877.46,UPI,Delhi,sneha.verma137@gmail.com
139,Kiran  ,  Das  ,1046,Furniture  ,8,4292.52,Cash,Hyderabad,kiran.das139@gmail.com
140,Anjali,  Reddy,1057,Electronics,6,3425.3,Cash,Kolkata,anjali.reddy140@gmail.com
142,Suresh  ,  Verma  ,1023,  Books,4,4994.42,Cash,Mumbai,suresh.verma142@gmail.com
144,  Amit,Verma,1049,  Groceries  ,5,1982.69,Cash,Chennai,amit.verma144@gmail.com
145,  Arjun  ,  Verma,1098,Sports  ,7,700.24,Debit Card,Mumbai,arjun.verma145@gmail.com
146,  Sneha  ,  Sharma  ,1051,Clothing  ,9,807.24,UPI,Mumbai,sneha.sharma146@gmail.com
148,Vamsi  ,Das  ,1034,Books  ,3,2930.59,Credit Card,Pune,vamsi.das148@gmail.com
149,Priya  ,Reddy  ,1074,  Books,2,1107.54,Cash,Hyderabad,priya.reddy149@gmail.com
150,Priya  ,  Naidu  ,1092,Sports  ,10,1713.58,Debit Card,Hyderabad,priya.naidu150@gmail.com
151,  Pooja,  Sharma,1044,  Groceries,4,452.09,Credit Card,Bangalore,pooja.sharma151@gmail.com
152,Neha,Singh  ,1099,  Sports  ,10,3170.23,Credit Card,Pune,neha.singh152@gmail.com
153,  Anjali  ,Singh,1055,Books  ,3,4879.48,Credit Card,Chennai,anjali.singh153@gmail.com
154,Neha,  Reddy,1096,  Books  ,1,3676.35,Debit Card,Kolkata,neha.reddy154@gmail.com
158,Vamsi,  Gupta  ,1086,Electronics,6,3601.74,UPI,Kolkata,vamsi.gupta158@gmail.com
160,Priya  ,Das  ,1093,  Electronics,6,4776.39,UPI,Bangalore,priya.das160@gmail.com
162,Vamsi,  Reddy  ,1091,Books  ,1,4618.89,Net Banking,Pune,vamsi.reddy162@gmail.com
163,Sneha,Singh  ,1040,Clothing,9,3465.91,Cash,Delhi,sneha.singh163@gmail.com
165,Ramesh  ,Gupta  ,1094,  Groceries  ,1,4193.57,Credit Card,Delhi,ramesh.gupta165@gmail.com
169,  Suresh,Reddy,1085,Furniture  ,10,4228.37,Cash,Bangalore,suresh.reddy169@gmail.com
171,  Rahul  ,Reddy  ,1046,  Clothing  ,8,3691.82,Debit Card,Delhi,rahul.reddy171@gmail.com
172,  Priya  ,Reddy,1036,  Groceries,2,618.2,Debit Card,Delhi,priya.reddy172@gmail.com
176,  Kiran  ,  Reddy  ,1027,Furniture,7,1962.12,Debit Card,Kolkata,kiran.reddy176@gmail.com
181,Pooja  ,  Das,1053,  Groceries,3,1209.79,Cash,Kolkata,pooja.das181@gmail.com
182,Ramesh,  Kumar  ,1020,  Groceries  ,7,933.49,Cash,Kolkata,ramesh.kumar182@gmail.com
183,  Rahul  ,  Reddy,1069,Clothing,1,557.38,Credit Card,Chennai,rahul.reddy183@gmail.com
186,Anjali  ,  Das,1012,Electronics,8,2343.15,Cash,Delhi,anjali.das186@gmail.com
187,  Anjali  ,Gupta  ,1038,  Books,3,1916.28,Cash,Pune,anjali.gupta187@gmail.com
188,Suresh  ,  Rao  ,1072,  Electronics  ,9,4555.11,Cash,Kolkata,suresh.rao188@gmail.com
190,Kavya,  Sharma  ,1070,Clothing  ,5,4922.34,UPI,Mumbai,kavya.sharma190@gmail.com
191,Sneha  ,  Singh  ,1039,  Furniture  ,9,4117.03,Credit Card,Mumbai,sneha.singh191@gmail.com
192,  Arjun,  Kumar,1039,Sports,3,174.15,Cash,Chennai,arjun.kumar192@gmail.com
193,Amit  ,  Singh  ,1048,  Sports  ,7,1164.54,Cash,Chennai,amit.singh193@gmail.com
195,  Sneha  ,Rao  ,1047,  Clothing,9,3050.15,Cash,Mumbai,sneha.rao195@gmail.com
197,  Pooja  ,  Patel  ,1064,Electronics,5,3253.38,Cash,Pune,pooja.patel197@gmail.com
198,  Kiran,Reddy,1071,  Books  ,1,1557.78,Net Banking,Pune,kiran.reddy198@gmail.com
200,  Ravi  ,  Reddy,1079,Clothing,8,3704.88,UPI,Pune,ravi.reddy200@gmail.com
202,Suresh  ,Singh,1063,  Groceries,8,1358.05,Debit Card,Hyderabad,suresh.singh202@gmail.com
203,  Kavya  ,Das,1056,  Books,5,2844.78,UPI,Pune,kavya.das203@gmail.com
205,Ravi,  Naidu,1021,  Furniture,4,767.05,Debit Card,Chennai,ravi.naidu205@gmail.com
206,  Priya,Kumar  ,1078,  Clothing  ,6,2052.4,Debit Card,Pune,priya.kumar206@gmail.com
210,Ramesh,  Verma  ,1082,Clothing  ,4,1128.15,UPI,Chennai,ramesh.verma210@gmail.com
212,  Divya,  Das,1062,Sports  ,6,2210.79,UPI,Pune,divya.das212@gmail.com
213,  Vamsi  ,Gupta  ,1080,Electronics  ,5,3403.67,Debit Card,Delhi,vamsi.gupta213@gmail.com
215,Rahul,  Naidu  ,1073,  Books  ,10,1139.91,Net Banking,Chennai,rahul.naidu215@gmail.com
224,Suresh  ,  Reddy  ,1049,Electronics  ,9,2056.36,Cash,Mumbai,suresh.reddy224@gmail.com
225,Anjali,  Reddy,1099,Books  ,5,3970.31,Cash,Kolkata,anjali.reddy225@gmail.com
228,  Ravi,Singh  ,1038,  Groceries  ,9,4046.37,Cash,Bangalore,ravi.singh228@gmail.com
230,  Ravi  ,  Patel,1027,  Furniture,1,3466.51,Debit Card,Bangalore,ravi.patel230@gmail.com
231,Neha  ,Rao  ,1081,  Sports  ,1,1643.47,Cash,Mumbai,neha.rao231@gmail.com
234,Anjali,Sharma,1027,  Books,9,604.74,Cash,Delhi,anjali.sharma234@gmail.com
235,Sneha  ,Verma,1018,  Groceries  ,2,1257.79,Net Banking,Chennai,sneha.verma235@gmail.com
236,Kiran,  Kumar  ,1014,  Books,8,3489.91,Cash,Kolkata,kiran.kumar236@gmail.com
237,  Divya,  Reddy,1048,Groceries,10,3576.71,UPI,Kolkata,divya.reddy237@gmail.com
238,  Neha  ,  Patel,1015,  Clothing,10,2960.45,UPI,Hyderabad,neha.patel238@gmail.com
240,  Ravi  ,  Verma,1083,Groceries  ,2,2745.17,Debit Card,Mumbai,ravi.verma240@gmail.com
243,  Pooja  ,  Das  ,1074,Clothing,1,3234.1,Net Banking,Chennai,pooja.das243@gmail.com
245,  Divya  ,  Verma  ,1031,Clothing  ,6,3166.61,Debit Card,Mumbai,divya.verma245@gmail.com
247,Divya,  Reddy,1003,  Groceries,8,1175.5,Cash,Bangalore,divya.reddy247@gmail.com
249,Rahul  ,  Singh,1088,  Electronics,1,3303.7,UPI,Bangalore,rahul.singh249@gmail.com
250,Kiran,  Verma  ,1068,  Groceries  ,7,1782.23,Credit Card,Bangalore,kiran.verma250@gmail.com
252,  Rahul,  Patel,1032,Electronics  ,10,4522.01,UPI,Bangalore,rahul.patel252@gmail.com
253,Anjali,  Gupta  ,1054,Sports,5,4658.89,Cash,Kolkata,anjali.gupta253@gmail.com
254,Kavya  ,  Patel  ,1067,  Electronics,10,3540.9,Net Banking,Chennai,kavya.patel254@gmail.com
255,  Ravi,Das,1092,Sports  ,8,1671.02,Debit Card,Hyderabad,ravi.das255@gmail.com
256,  Rahul,Singh,1005,Groceries,5,2059.82,Debit Card,Hyderabad,rahul.singh256@gmail.com
258,  Suresh  ,  Kumar,1066,  Sports,1,3789.92,Debit Card,Hyderabad,suresh.kumar258@gmail.com
262,  Divya,Verma  ,1032,Clothing  ,10,2528.08,Cash,Chennai,divya.verma262@gmail.com
263,  Rahul,Sharma  ,1071,Furniture,1,4623.14,Debit Card,Delhi,rahul.sharma263@gmail.com
264,Kavya,  Patel  ,1082,Books,7,3272.07,Debit Card,Bangalore,kavya.patel264@gmail.com
265,  Vamsi,  Gupta  ,1069,Furniture  ,9,543.5,Credit Card,Hyderabad,vamsi.gupta265@gmail.com
267,Kiran,  Naidu  ,1037,Books  ,2,4309.81,Cash,Hyderabad,kiran.naidu267@gmail.com
268,  Priya,Singh,1090,  Books  ,10,3611.8,Net Banking,Mumbai,priya.singh268@gmail.com
270,Ramesh  ,  Gupta  ,1063,Furniture,8,4278.62,Debit Card,Mumbai,ramesh.gupta270@gmail.com
271,  Divya  ,  Patel  ,1019,Books,10,1328.41,Debit Card,Kolkata,divya.patel271@gmail.com
277,Divya  ,  Verma  ,1027,  Clothing,1,1579.64,Debit Card,Delhi,divya.verma277@gmail.com
279,  Pooja,Rao,1031,  Groceries,10,3222.59,UPI,Chennai,pooja.rao279@gmail.com
281,Kavya,Verma  ,1088,  Sports,10,2693.89,Debit Card,Kolkata,kavya.verma281@gmail.com
282,Kiran  ,  Sharma,1001,  Electronics,10,509.43,Cash,Kolkata,kiran.sharma282@gmail.com
283,  Anjali  ,  Verma  ,1063,Groceries  ,1,3728.45,Cash,Hyderabad,anjali.verma283@gmail.com
284,  Sneha  ,  Patel  ,1093,  Furniture,3,2846.14,UPI,Pune,sneha.patel284@gmail.com
285,Sneha  ,Sharma  ,1068,Groceries  ,7,3543.52,Net Banking,Chennai,sneha.sharma285@gmail.com
287,  Amit,Naidu  ,1095,  Electronics  ,8,1115.3,Credit Card,Bangalore,amit.naidu287@gmail.com
289,  Anjali  ,Patel,1052,Electronics,10,1422.15,UPI,Pune,anjali.patel289@gmail.com
291,  Neha,Rao,1085,  Books,9,745.52,Debit Card,Bangalore,neha.rao291@gmail.com
292,Kiran  ,  Reddy  ,1025,  Books  ,6,2430.76,UPI,Bangalore,kiran.reddy292@gmail.com
293,  Ramesh  ,Sharma,1025,Groceries,2,2969.24,UPI,Delhi,ramesh.sharma293@gmail.com
294,  Rahul,  Reddy,1032,  Groceries  ,5,730.24,Credit Card,Delhi,rahul.reddy294@gmail.com
296,  Anjali,  Gupta,1032,  Books,10,3871.27,Net Banking,Bangalore,anjali.gupta296@gmail.com
298,  Priya  ,Sharma  ,1080,Books,5,250.13,Debit Card,Hyderabad,priya.sharma298@gmail.com
299,Arjun,Reddy  ,1092,Books,5,1022.63,Debit Card,Mumbai,arjun.reddy299@gmail.com
300,Rahul  ,  Verma,1085,  Electronics  ,9,4210.51,Cash,Hyderabad,rahul.verma300@gmail.com
301,  Divya,Singh  ,1091,  Sports,9,1505.83,Cash,Kolkata,divya.singh301@gmail.com
302,Amit,  Singh,1037,  Clothing  ,8,1853.22,Credit Card,Kolkata,amit.singh302@gmail.com
303,Pooja,Reddy,1072,  Groceries,10,2801.81,UPI,Pune,pooja.reddy303@gmail.com
305,  Anjali  ,  Rao,1082,Sports  ,10,2187.2,Debit Card,Bangalore,anjali.rao305@gmail.com
308,Anjali,  Verma,1023,Clothing  ,7,3058.01,UPI,Delhi,anjali.verma308@gmail.com
309,  Neha  ,  Singh  ,1023,  Furniture  ,7,293.81,Cash,Hyderabad,neha.singh309@gmail.com
310,  Amit  ,Reddy,1033,Clothing  ,3,4496.76,UPI,Pune,amit.reddy310@gmail.com
311,Sneha,  Patel  ,1060,Furniture  ,2,3660.9,Net Banking,Bangalore,sneha.patel311@gmail.com
313,Ramesh  ,Singh,1028,Furniture  ,3,1771.52,Debit Card,Mumbai,ramesh.singh313@gmail.com
316,  Ravi,  Das,1023,Books,10,3314.78,UPI,Delhi,ravi.das316@gmail.com
317,Kavya  ,  Patel  ,1041,  Clothing,9,2088.34,UPI,Bangalore,kavya.patel317@gmail.com
318,  Ravi,Sharma  ,1024,Sports  ,4,4992.94,Credit Card,Chennai,ravi.sharma318@gmail.com
321,Pooja  ,  Rao  ,1100,  Electronics,7,3362.89,Credit Card,Mumbai,pooja.rao321@gmail.com
322,Suresh,Sharma  ,1081,Clothing  ,10,4469.85,Debit Card,Bangalore,suresh.sharma322@gmail.com
325,Sneha,Gupta  ,1024,  Furniture  ,10,2488.77,Cash,Hyderabad,sneha.gupta325@gmail.com
326,Kiran  ,  Verma,1031,Books,2,4890.64,UPI,Delhi,kiran.verma326@gmail.com
328,Ravi  ,  Gupta,1026,Sports,4,1477.23,Net Banking,Mumbai,ravi.gupta328@gmail.com
331,  Neha  ,Sharma  ,1018,  Sports  ,6,2921.11,Cash,Bangalore,neha.sharma331@gmail.com
333,Divya  ,  Kumar,1065,Books,3,1780.28,Net Banking,Kolkata,divya.kumar333@gmail.com
335,  Neha  ,  Verma,1017,Electronics  ,8,3326.49,Net Banking,Chennai,neha.verma335@gmail.com
336,Amit  ,Naidu  ,1025,Books  ,2,991.89,Debit Card,Mumbai,amit.naidu336@gmail.com
338,Kavya  ,  Gupta  ,1021,  Sports  ,9,4801.16,Cash,Kolkata,kavya.gupta338@gmail.com
339,Amit,  Singh  ,1049,Sports  ,5,1631.31,Credit Card,Hyderabad,amit.singh339@gmail.com
340,  Neha  ,  Sharma  ,1082,  Books  ,8,2585.76,Cash,Delhi,neha.sharma340@gmail.com
341,Priya,Rao  ,1041,  Furniture,7,2848.11,Net Banking,Kolkata,priya.rao341@gmail.com
342,Amit,  Das  ,1042,  Sports  ,7,3799.26,UPI,Chennai,amit.das342@gmail.com
344,Neha  ,  Naidu  ,1073,  Clothing,2,3239.24,Credit Card,Mumbai,neha.naidu344@gmail.com
345,  Divya,Sharma,1080,Sports  ,1,1786.53,Cash,Bangalore,divya.sharma345@gmail.com
346,Priya  ,Sharma  ,1085,Sports  ,9,2036.05,Net Banking,Mumbai,priya.sharma346@gmail.com
347,Ramesh  ,  Reddy,1047,  Books  ,2,3370.87,Cash,Kolkata,ramesh.reddy347@gmail.com
348,  Arjun,  Verma  ,1011,  Books,4,949.49,Credit Card,Bangalore,arjun.verma348@gmail.com
349,Ramesh,Patel  ,1069,  Books,3,254.22,Cash,Bangalore,ramesh.patel349@gmail.com
351,Ravi  ,  Kumar,1065,  Groceries,2,2087.8,Credit Card,Delhi,ravi.kumar351@gmail.com
352,  Amit  ,  Das  ,1083,Clothing,8,1461.14,Debit Card,Delhi,amit.das352@gmail.com
353,Pooja  ,  Reddy  ,1021,Clothing  ,6,606.55,Net Banking,Kolkata,pooja.reddy353@gmail.com
356,Kiran  ,Patel  ,1078,Groceries  ,10,2301.73,UPI,Bangalore,kiran.patel356@gmail.com
357,  Rahul  ,Verma,1010,Clothing,3,4732.5,Debit Card,Pune,rahul.verma357@gmail.com
358,Divya  ,  Das,1078,Sports,5,3341.34,Net Banking,Delhi,divya.das358@gmail.com
359,  Anjali,Kumar  ,1078,  Books  ,2,2972.29,Credit Card,Hyderabad,anjali.kumar359@gmail.com
363,  Ravi,  Sharma  ,1010,Clothing  ,8,1303.26,Net Banking,Delhi,ravi.sharma363@gmail.com
367,  Pooja,  Gupta,1061,Clothing,4,4928.26,UPI,Bangalore,pooja.gupta367@gmail.com
368,Kiran  ,Rao,1026,  Books,2,3136.82,Debit Card,Pune,kiran.rao368@gmail.com
369,Pooja,Naidu,1055,Sports,10,3115.22,Debit Card,Chennai,pooja.naidu369@gmail.com
373,Arjun,  Reddy  ,1065,Books  ,8,3110.04,Cash,Mumbai,arjun.reddy373@gmail.com
374,  Anjali,Patel,1015,Furniture,8,2372.17,Net Banking,Hyderabad,anjali.patel374@gmail.com
378,Neha,  Das,1083,Furniture,9,1554.89,Debit Card,Hyderabad,neha.das378@gmail.com
379,Kiran  ,  Das  ,1074,  Clothing  ,4,3333.52,Debit Card,Hyderabad,kiran.das379@gmail.com
381,Sneha  ,  Das  ,1015,Groceries  ,5,4086.73,UPI,Hyderabad,sneha.das381@gmail.com
382,  Anjali  ,Sharma  ,1002,  Sports,4,4569.0,UPI,Mumbai,anjali.sharma382@gmail.com
383,  Suresh,  Rao,1071,Clothing,3,4931.6,UPI,Hyderabad,suresh.rao383@gmail.com
386,Kavya,Rao  ,1038,  Books  ,4,1827.91,Cash,Pune,kavya.rao386@gmail.com
388,  Ramesh  ,Naidu  ,1074,Books,9,4643.88,UPI,Mumbai,ramesh.naidu388@gmail.com
389,Ravi  ,  Patel  ,1059,  Electronics,9,4274.31,Credit Card,Bangalore,ravi.patel389@gmail.com
390,Pooja  ,Naidu  ,1060,  Electronics,2,994.15,Credit Card,Mumbai,pooja.naidu390@gmail.com
393,  Rahul  ,Singh,1085,  Clothing,9,4903.22,Net Banking,Mumbai,rahul.singh393@gmail.com
394,  Anjali  ,  Das,1037,Groceries,7,4109.24,Cash,Hyderabad,anjali.das394@gmail.com
396,  Divya,Rao  ,1016,  Sports  ,2,4598.0,Debit Card,Hyderabad,divya.rao396@gmail.com
397,Kiran,Singh  ,1055,  Clothing  ,10,4649.19,Net Banking,Pune,kiran.singh397@gmail.com
399,  Kiran  ,  Kumar,1075,  Groceries,9,1891.13,Net Banking,Mumbai,kiran.kumar399@gmail.com
401,Ravi,  Naidu  ,1053,  Furniture,3,910.82,Net Banking,Bangalore,ravi.naidu401@gmail.com
405,  Divya  ,  Singh,1043,Sports,10,2534.73,Debit Card,Kolkata,divya.singh405@gmail.com
406,Anjali,  Verma  ,1090,Groceries  ,3,2931.28,Credit Card,Bangalore,anjali.verma406@gmail.com
408,  Ravi,  Singh,1009,  Furniture  ,4,4580.24,Debit Card,Hyderabad,ravi.singh408@gmail.com
409,Pooja,Patel  ,1081,Books  ,7,2999.2,Cash,Mumbai,pooja.patel409@gmail.com
411,  Sneha,  Sharma  ,1014,Furniture  ,6,4656.93,Net Banking,Chennai,sneha.sharma411@gmail.com
418,  Amit,Verma  ,1020,  Clothing  ,4,1426.69,Cash,Chennai,amit.verma418@gmail.com
419,Sneha,Sharma  ,1066,Sports  ,2,280.85,UPI,Mumbai,sneha.sharma419@gmail.com
422,Kavya  ,Reddy  ,1089,Groceries,1,4451.9,Net Banking,Pune,kavya.reddy422@gmail.com
423,Divya,  Verma  ,1036,Furniture,2,670.05,Cash,Kolkata,divya.verma423@gmail.com
424,Neha,Naidu,1001,Electronics,6,2559.95,Debit Card,Delhi,neha.naidu424@gmail.com
427,  Vamsi  ,Kumar  ,1089,Sports,1,2906.64,Debit Card,Pune,vamsi.kumar427@gmail.com
428,Vamsi  ,  Naidu,1031,Clothing  ,4,895.12,UPI,Pune,vamsi.naidu428@gmail.com
430,  Vamsi,  Naidu  ,1030,  Books  ,9,3927.89,Cash,Delhi,vamsi.naidu430@gmail.com
431,Suresh  ,  Reddy,1046,Books  ,8,378.33,Net Banking,Mumbai,suresh.reddy431@gmail.com
432,Sneha,  Reddy  ,1071,Electronics,4,2905.05,Credit Card,Kolkata,sneha.reddy432@gmail.com
433,  Rahul  ,  Naidu,1016,  Books,1,1024.54,Credit Card,Bangalore,rahul.naidu433@gmail.com
436,Kiran,  Naidu,1094,Sports,4,4007.12,Debit Card,Chennai,kiran.naidu436@gmail.com
438,Kavya,  Verma  ,1070,Groceries  ,3,322.49,Net Banking,Bangalore,kavya.verma438@gmail.com
440,Sneha,Verma,1050,Sports  ,6,4260.69,Credit Card,Hyderabad,sneha.verma440@gmail.com
443,Sneha,  Reddy  ,1029,Groceries  ,3,2109.7,UPI,Chennai,sneha.reddy443@gmail.com
445,  Sneha  ,Gupta  ,1080,Books,2,1589.64,UPI,Bangalore,sneha.gupta445@gmail.com
447,  Anjali,  Naidu  ,1096,  Clothing  ,3,2474.39,Debit Card,Delhi,anjali.naidu447@gmail.com
448,  Priya,  Reddy,1058,  Furniture  ,1,643.03,Credit Card,Chennai,priya.reddy448@gmail.com
449,  Neha,  Gupta,1039,Furniture,2,200.86,Credit Card,Bangalore,neha.gupta449@gmail.com
450,  Neha,Das  ,1072,  Groceries  ,9,4120.1,Cash,Hyderabad,neha.das450@gmail.com
451,Rahul  ,Gupta,1052,  Electronics  ,8,4673.46,Debit Card,Mumbai,rahul.gupta451@gmail.com
452,  Anjali  ,Reddy  ,1063,Sports  ,4,2935.76,Cash,Kolkata,anjali.reddy452@gmail.com
453,  Neha  ,Rao  ,1074,  Books  ,4,1870.29,Debit Card,Bangalore,neha.rao453@gmail.com
456,  Sneha,  Reddy  ,1027,  Books  ,1,518.08,Credit Card,Mumbai,sneha.reddy456@gmail.com
457,Sneha  ,Kumar,1086,Electronics,8,2472.97,Cash,Chennai,sneha.kumar457@gmail.com
459,  Rahul  ,  Verma  ,1062,  Electronics,10,3745.82,Debit Card,Mumbai,rahul.verma459@gmail.com
461,  Anjali,Kumar,1065,Furniture  ,6,2365.55,Credit Card,Mumbai,anjali.kumar461@gmail.com
463,  Sneha  ,Rao,1091,  Clothing,7,3086.62,UPI,Delhi,sneha.rao463@gmail.com
464,  Priya,  Patel  ,1072,Furniture  ,1,4020.3,Cash,Chennai,priya.patel464@gmail.com
467,Anjali  ,Naidu  ,1037,  Furniture,9,1774.98,Cash,Bangalore,anjali.naidu467@gmail.com
468,Priya  ,  Rao  ,1069,  Groceries,6,1165.3,Net Banking,Bangalore,priya.rao468@gmail.com
470,Sneha  ,Reddy,1048,  Clothing  ,5,4234.44,Debit Card,Delhi,sneha.reddy470@gmail.com
471,Neha  ,Verma  ,1096,Electronics,1,1800.34,Cash,Pune,neha.verma471@gmail.com
474,Arjun  ,Gupta,1043,  Clothing,1,4149.01,Debit Card,Delhi,arjun.gupta474@gmail.com
475,Suresh  ,Gupta  ,1005,  Electronics,3,137.05,Credit Card,Mumbai,suresh.gupta475@gmail.com
476,  Priya  ,  Naidu  ,1098,  Groceries,1,3768.16,Cash,Hyderabad,priya.naidu476@gmail.com
477,Amit,  Reddy,1046,Groceries  ,3,464.16,Net Banking,Kolkata,amit.reddy477@gmail.com
478,  Amit  ,Patel  ,1080,  Sports,5,1269.1,UPI,Bangalore,amit.patel478@gmail.com
479,Suresh  ,  Gupta,1003,  Clothing  ,3,1782.75,Debit Card,Mumbai,suresh.gupta479@gmail.com
481,Rahul  ,  Verma  ,1013,Groceries,7,4420.87,Net Banking,Chennai,rahul.verma481@gmail.com
482,Arjun  ,  Reddy  ,1078,Books,10,2049.46,UPI,Kolkata,arjun.reddy482@gmail.com
484,  Pooja  ,Naidu  ,1065,Furniture  ,8,4760.79,UPI,Mumbai,pooja.naidu484@gmail.com
486,Kiran,  Verma,1003,Clothing,9,261.21,UPI,Mumbai,kiran.verma486@gmail.com
487,Anjali  ,Sharma,1032,  Electronics  ,3,2678.33,Cash,Mumbai,anjali.sharma487@gmail.com
490,Amit,  Gupta,1070,  Electronics,6,2275.63,Cash,Hyderabad,amit.gupta490@gmail.com
492,  Ravi  ,Gupta,1051,Groceries,4,4686.15,UPI,Mumbai,ravi.gupta492@gmail.com
493,Rahul,  Naidu  ,1074,  Groceries,9,573.58,Credit Card,Delhi,rahul.naidu493@gmail.com
494,  Arjun  ,  Sharma,1045,Electronics,7,1504.6,Net Banking,Kolkata,arjun.sharma494@gmail.com
496,Rahul  ,  Gupta  ,1053,Sports,2,3923.54,Debit Card,Chennai,rahul.gupta496@gmail.com
498,Anjali  ,Gupta,1097,Furniture,2,1498.66,Credit Card,Bangalore,anjali.gupta498@gmail.com
500,  Pooja,Kumar  ,1100,  Groceries  ,7,4865.65,Net Banking,Pune,pooja.kumar500@gmail.com
501,Suresh  ,  Kumar,1029,  Electronics,5,2287.08,Credit Card,Mumbai,suresh.kumar501@gmail.com
503,  Anjali,  Rao  ,1088,  Electronics,5,1052.28,Net Banking,Chennai,anjali.rao503@gmail.com
505,Kiran,  Verma,1026,  Clothing  ,7,1628.27,Credit Card,Chennai,kiran.verma505@gmail.com
506,Priya  ,  Das  ,1005,  Groceries  ,3,784.95,Credit Card,Bangalore,priya.das506@gmail.com
507,Kavya  ,Rao,1029,  Clothing,7,668.44,Credit Card,Hyderabad,kavya.rao507@gmail.com
509,  Suresh  ,  Patel  ,1021,  Furniture,2,1132.03,Cash,Kolkata,suresh.patel509@gmail.com
511,  Anjali  ,Gupta,1085,Electronics,4,1976.2,Net Banking,Kolkata,anjali.gupta511@gmail.com
512,  Pooja,  Rao,1064,Books  ,7,4823.43,Cash,Hyderabad,pooja.rao512@gmail.com
514,  Suresh  ,  Kumar,1063,  Sports  ,2,3280.25,Credit Card,Kolkata,suresh.kumar514@gmail.com
515,  Priya  ,  Patel  ,1084,  Clothing,2,3882.85,Cash,Mumbai,priya.patel515@gmail.com
519,  Amit  ,Kumar  ,1051,  Books  ,2,1302.09,Net Banking,Chennai,amit.kumar519@gmail.com
520,  Sneha,Verma  ,1007,Sports,5,4751.48,Cash,Delhi,sneha.verma520@gmail.com
522,  Priya  ,  Sharma,1054,  Electronics,2,503.71,Cash,Bangalore,priya.sharma522@gmail.com
523,  Neha,Naidu  ,1016,Clothing,10,3111.39,Cash,Kolkata,neha.naidu523@gmail.com
525,  Arjun,Das  ,1050,  Electronics,6,4734.88,Net Banking,Mumbai,arjun.das525@gmail.com
527,  Pooja  ,Sharma  ,1091,Furniture,8,1017.29,Cash,Bangalore,pooja.sharma527@gmail.com
528,Anjali,Sharma,1086,  Furniture,3,3925.86,Debit Card,Delhi,anjali.sharma528@gmail.com
530,  Sneha,  Reddy,1074,Furniture  ,3,1451.4,Cash,Hyderabad,sneha.reddy530@gmail.com
534,  Sneha  ,Verma  ,1049,Furniture,4,4422.65,Debit Card,Mumbai,sneha.verma534@gmail.com
538,Kiran,  Gupta,1059,  Electronics,6,2428.52,Net Banking,Bangalore,kiran.gupta538@gmail.com
540,Amit  ,  Reddy,1012,  Sports,8,2059.47,Cash,Hyderabad,amit.reddy540@gmail.com
541,Kavya,  Kumar  ,1009,  Groceries  ,5,3118.99,Net Banking,Delhi,kavya.kumar541@gmail.com
543,Ravi  ,  Gupta  ,1012,  Furniture  ,7,3084.44,Debit Card,Bangalore,ravi.gupta543@gmail.com
544,Pooja,Sharma  ,1091,Electronics,6,2555.12,UPI,Kolkata,pooja.sharma544@gmail.com
545,  Amit  ,Patel,1023,  Electronics  ,3,4710.87,Net Banking,Kolkata,amit.patel545@gmail.com
546,  Sneha  ,  Reddy,1039,Groceries,9,1735.77,Cash,Mumbai,sneha.reddy546@gmail.com
547,Anjali  ,Naidu,1052,  Electronics  ,4,2754.53,Net Banking,Mumbai,anjali.naidu547@gmail.com
550,Ramesh,Singh  ,1100,Books  ,10,2618.69,Credit Card,Hyderabad,ramesh.singh550@gmail.com
551,  Vamsi  ,Rao  ,1086,  Sports,9,3933.55,UPI,Pune,vamsi.rao551@gmail.com
553,  Sneha,  Verma,1085,Sports  ,8,1843.98,Credit Card,Chennai,sneha.verma553@gmail.com
554,  Sneha,Singh  ,1096,  Clothing,10,3701.18,UPI,Kolkata,sneha.singh554@gmail.com
555,Sneha  ,Naidu  ,1022,Electronics,4,794.88,Credit Card,Chennai,sneha.naidu555@gmail.com
557,  Ravi  ,  Das  ,1098,  Books,6,914.61,Net Banking,Bangalore,ravi.das557@gmail.com
559,  Vamsi  ,  Gupta  ,1090,Electronics  ,8,3339.07,Credit Card,Bangalore,vamsi.gupta559@gmail.com
560,Amit,Reddy,1051,Furniture  ,2,372.61,Debit Card,Chennai,amit.reddy560@gmail.com
561,Kavya  ,  Naidu  ,1012,Books  ,6,4643.76,Net Banking,Hyderabad,kavya.naidu561@gmail.com
564,  Divya  ,Gupta,1058,  Electronics,2,2723.91,Credit Card,Bangalore,divya.gupta564@gmail.com
567,  Amit,Sharma,1063,  Electronics,2,4263.27,Net Banking,Kolkata,amit.sharma567@gmail.com
570,Rahul,Naidu  ,1006,Sports  ,4,4647.31,Credit Card,Delhi,rahul.naidu570@gmail.com
571,  Priya  ,Gupta,1087,Groceries,2,2705.27,Debit Card,Chennai,priya.gupta571@gmail.com
575,  Arjun,Verma  ,1020,  Furniture  ,8,3172.57,UPI,Hyderabad,arjun.verma575@gmail.com
576,  Divya,Patel,1058,Electronics,4,667.34,UPI,Delhi,divya.patel576@gmail.com
577,  Rahul,  Gupta  ,1008,Books,4,4021.1,Credit Card,Bangalore,rahul.gupta577@gmail.com
579,  Suresh  ,Reddy,1093,Books,7,848.61,UPI,Delhi,suresh.reddy579@gmail.com
580,Neha  ,Kumar,1040,Books  ,3,1179.01,Net Banking,Bangalore,neha.kumar580@gmail.com
581,  Ravi  ,Kumar,1027,Electronics  ,9,3296.53,Cash,Delhi,ravi.kumar581@gmail.com
583,  Sneha  ,  Verma,1055,  Clothing  ,2,4683.07,Debit Card,Pune,sneha.verma583@gmail.com
585,  Ravi  ,  Das,1054,  Groceries  ,2,4385.76,UPI,Kolkata,ravi.das585@gmail.com
590,Neha,Gupta  ,1058,Books,7,2418.37,Cash,Hyderabad,neha.gupta590@gmail.com
591,  Pooja  ,Sharma  ,1025,  Groceries,3,316.13,UPI,Chennai,pooja.sharma591@gmail.com
594,Ramesh  ,  Kumar,1079,Clothing,1,1318.6,Debit Card,Delhi,ramesh.kumar594@gmail.com
595,Arjun  ,  Singh,1035,Clothing  ,1,4243.21,Credit Card,Mumbai,arjun.singh595@gmail.com
596,  Priya  ,  Gupta,1082,  Clothing  ,4,4587.18,Cash,Bangalore,priya.gupta596@gmail.com
598,Rahul  ,  Sharma,1074,  Clothing  ,6,4659.91,Cash,Chennai,rahul.sharma598@gmail.com
600,  Rahul  ,  Naidu,1060,Books,7,917.09,Credit Card,Mumbai,rahul.naidu600@gmail.com
602,  Ramesh,  Reddy,1056,  Books,1,2099.01,Cash,Pune,ramesh.reddy602@gmail.com
606,  Arjun  ,Singh,1065,  Clothing,2,1376.04,Cash,Pune,arjun.singh606@gmail.com
607,  Suresh  ,  Das,1040,  Books,5,4638.85,UPI,Kolkata,suresh.das607@gmail.com
608,Arjun,Patel  ,1071,  Electronics  ,2,747.88,Net Banking,Bangalore,arjun.patel608@gmail.com
609,Rahul  ,  Das  ,1032,  Books,3,3256.93,Net Banking,Pune,rahul.das609@gmail.com
610,Suresh  ,Sharma  ,1082,  Electronics,9,2508.87,Net Banking,Mumbai,suresh.sharma610@gmail.com
612,Divya  ,Das,1082,Books,10,3914.31,Credit Card,Pune,divya.das612@gmail.com
614,  Divya  ,Rao,1036,  Groceries,6,4519.57,Cash,Bangalore,divya.rao614@gmail.com
616,  Arjun,  Sharma  ,1049,  Sports,5,2031.92,Net Banking,Delhi,arjun.sharma616@gmail.com
617,Sneha,Sharma,1064,  Electronics  ,2,1110.7,Net Banking,Hyderabad,sneha.sharma617@gmail.com
618,Vamsi,  Das,1045,Furniture  ,3,3820.72,UPI,Hyderabad,vamsi.das618@gmail.com
619,  Rahul,Verma,1032,  Clothing  ,5,1904.12,UPI,Kolkata,rahul.verma619@gmail.com
620,Amit  ,  Singh  ,1004,  Groceries  ,4,567.47,Net Banking,Delhi,amit.singh620@gmail.com
621,  Ravi  ,  Singh  ,1068,  Clothing,9,1828.65,Net Banking,Bangalore,ravi.singh621@gmail.com
624,  Neha,  Verma,1070,Groceries  ,5,2366.26,Net Banking,Delhi,neha.verma624@gmail.com
625,Vamsi  ,  Patel,1097,Furniture  ,2,4716.15,Net Banking,Hyderabad,vamsi.patel625@gmail.com
627,  Rahul  ,  Patel  ,1002,Books  ,3,3396.66,Net Banking,Mumbai,rahul.patel627@gmail.com
629,  Anjali  ,  Verma,1048,  Sports  ,8,3115.52,Cash,Chennai,anjali.verma629@gmail.com
631,  Arjun,  Das,1008,  Sports  ,8,4000.78,Cash,Mumbai,arjun.das631@gmail.com
632,Pooja  ,Gupta  ,1013,  Groceries  ,7,2171.21,Cash,Chennai,pooja.gupta632@gmail.com
633,  Vamsi,  Sharma  ,1018,  Books  ,8,2535.23,UPI,Mumbai,vamsi.sharma633@gmail.com
636,  Priya  ,  Das,1085,Electronics  ,8,1945.92,UPI,Delhi,priya.das636@gmail.com
637,  Ravi  ,Gupta,1068,Sports,3,2914.15,Debit Card,Delhi,ravi.gupta637@gmail.com
638,Anjali,Singh  ,1020,  Sports,7,434.82,Credit Card,Bangalore,anjali.singh638@gmail.com
640,  Rahul  ,  Reddy  ,1091,Electronics,9,3125.17,Net Banking,Mumbai,rahul.reddy640@gmail.com
642,Ravi,  Gupta  ,1096,Clothing  ,1,3056.15,UPI,Bangalore,ravi.gupta642@gmail.com
643,  Rahul  ,Rao  ,1057,  Furniture  ,7,181.66,UPI,Kolkata,rahul.rao643@gmail.com
644,  Rahul,  Kumar,1029,  Groceries,6,2720.23,Net Banking,Chennai,rahul.kumar644@gmail.com
645,  Ramesh,  Naidu,1065,Sports,1,1540.46,Cash,Bangalore,ramesh.naidu645@gmail.com
646,Amit,Patel  ,1038,Sports,5,4664.86,Debit Card,Kolkata,amit.patel646@gmail.com
649,Pooja  ,  Gupta  ,1089,  Electronics,5,3364.36,UPI,Hyderabad,pooja.gupta649@gmail.com
650,  Arjun  ,Rao,1085,  Electronics,2,4918.72,UPI,Mumbai,arjun.rao650@gmail.com
652,Amit,  Reddy  ,1036,  Books  ,6,1606.11,Debit Card,Hyderabad,amit.reddy652@gmail.com
653,Kavya  ,  Gupta,1092,  Groceries,1,3669.67,Credit Card,Pune,kavya.gupta653@gmail.com
654,  Arjun,  Kumar  ,1071,  Electronics,7,838.07,Cash,Pune,arjun.kumar654@gmail.com
655,Priya,Gupta,1022,  Furniture  ,4,1080.25,Credit Card,Kolkata,priya.gupta655@gmail.com
656,  Kavya  ,  Gupta  ,1080,  Electronics  ,6,2000.7,UPI,Kolkata,kavya.gupta656@gmail.com
657,  Anjali  ,  Patel  ,1069,  Books,2,3418.93,Net Banking,Chennai,anjali.patel657@gmail.com
659,  Vamsi  ,Sharma  ,1019,Furniture,4,4959.66,Net Banking,Mumbai,vamsi.sharma659@gmail.com
662,Ravi,Sharma  ,1090,  Furniture,6,2464.35,Debit Card,Chennai,ravi.sharma662@gmail.com
663,Kiran  ,Sharma  ,1057,  Electronics  ,2,806.85,Net Banking,Pune,kiran.sharma663@gmail.com
665,Pooja,Verma  ,1093,Furniture,9,3954.06,Credit Card,Bangalore,pooja.verma665@gmail.com
666,Kiran,  Sharma,1055,  Sports  ,4,760.73,Net Banking,Chennai,kiran.sharma666@gmail.com
667,Kiran  ,  Das  ,1093,Furniture,3,4021.44,Net Banking,Hyderabad,kiran.das667@gmail.com
669,Priya  ,  Kumar  ,1009,  Sports,2,3073.25,Credit Card,Kolkata,priya.kumar669@gmail.com
672,Rahul  ,Sharma,1020,Clothing  ,2,2661.06,Credit Card,Mumbai,rahul.sharma672@gmail.com
674,Rahul  ,Verma  ,1055,Electronics,5,3365.49,UPI,Chennai,rahul.verma674@gmail.com
676,Ravi  ,  Singh  ,1054,  Books  ,3,1976.54,UPI,Delhi,ravi.singh676@gmail.com
677,  Divya,Rao,1015,  Groceries  ,9,1542.54,UPI,Bangalore,divya.rao677@gmail.com
679,Anjali  ,  Reddy,1049,  Books,4,3999.01,Net Banking,Delhi,anjali.reddy679@gmail.com
680,Kiran,  Reddy,1041,Sports,1,3938.23,UPI,Pune,kiran.reddy680@gmail.com
682,  Sneha,  Das,1013,  Clothing,1,2017.76,Net Banking,Mumbai,sneha.das682@gmail.com
684,  Divya,  Sharma  ,1075,  Electronics  ,6,4529.06,Cash,Pune,divya.sharma684@gmail.com
685,Divya  ,Rao  ,1053,Electronics,10,4337.83,Debit Card,Bangalore,divya.rao685@gmail.com
686,Ramesh  ,  Das  ,1036,  Furniture,5,4977.29,UPI,Hyderabad,ramesh.das686@gmail.com
689,Arjun,Naidu  ,1027,  Electronics  ,7,4501.27,UPI,Bangalore,arjun.naidu689@gmail.com
694,Vamsi  ,Verma  ,1090,  Sports,9,3925.81,Debit Card,Chennai,vamsi.verma694@gmail.com
695,Vamsi  ,  Singh,1062,  Groceries,2,4332.65,UPI,Delhi,vamsi.singh695@gmail.com
696,Amit,Sharma  ,1099,Electronics  ,10,3919.72,Debit Card,Delhi,amit.sharma696@gmail.com
699,  Anjali  ,Singh,1051,Furniture,2,740.44,Credit Card,Mumbai,anjali.singh699@gmail.com
700,  Sneha  ,  Rao  ,1073,Furniture  ,7,601.79,Net Banking,Mumbai,sneha.rao700@gmail.com
701,Kavya  ,Naidu  ,1001,Sports,3,3055.98,Cash,Delhi,kavya.naidu701@gmail.com
702,Rahul,  Rao,1009,Furniture  ,3,1502.24,Net Banking,Kolkata,rahul.rao702@gmail.com
703,  Arjun  ,Singh  ,1075,Furniture,1,2312.35,Net Banking,Mumbai,arjun.singh703@gmail.com
704,Vamsi  ,  Das  ,1068,  Sports  ,4,587.89,UPI,Delhi,vamsi.das704@gmail.com
705,Vamsi,  Naidu  ,1043,  Furniture,5,292.21,Cash,Chennai,vamsi.naidu705@gmail.com
707,Anjali,  Kumar,1001,  Sports  ,8,1294.74,Credit Card,Bangalore,anjali.kumar707@gmail.com
708,  Ramesh,Patel  ,1002,Sports,1,2698.3,Cash,Bangalore,ramesh.patel708@gmail.com
709,Neha  ,  Patel,1008,  Groceries,5,4868.23,Debit Card,Delhi,neha.patel709@gmail.com
712,Anjali  ,Reddy,1068,Electronics,9,2613.47,UPI,Delhi,anjali.reddy712@gmail.com
715,Vamsi,  Reddy  ,1078,  Clothing  ,6,324.16,Net Banking,Chennai,vamsi.reddy715@gmail.com
716,Priya,  Sharma  ,1098,  Electronics,5,2231.68,Debit Card,Chennai,priya.sharma716@gmail.com
719,  Suresh,Kumar  ,1060,  Sports,8,1853.19,Debit Card,Pune,suresh.kumar719@gmail.com
720,  Kiran  ,  Reddy,1095,Furniture  ,4,400.86,Cash,Bangalore,kiran.reddy720@gmail.com
721,  Pooja,  Sharma  ,1060,  Groceries,6,4090.73,Cash,Kolkata,pooja.sharma721@gmail.com
724,  Pooja  ,Reddy,1090,Groceries,10,1953.1,Credit Card,Mumbai,pooja.reddy724@gmail.com
725,  Kiran,Singh,1056,  Groceries  ,5,3747.95,Net Banking,Mumbai,kiran.singh725@gmail.com
726,  Amit  ,  Patel,1001,Furniture  ,10,1258.53,Credit Card,Kolkata,amit.patel726@gmail.com
730,Ravi  ,  Das  ,1079,Books,2,4932.04,Debit Card,Hyderabad,ravi.das730@gmail.com
731,  Kavya  ,  Patel,1078,Furniture  ,2,1223.03,Cash,Bangalore,kavya.patel731@gmail.com
732,Kavya,  Gupta  ,1051,  Clothing,3,4429.86,Credit Card,Chennai,kavya.gupta732@gmail.com
733,Amit,Kumar,1081,Furniture  ,4,4833.63,Net Banking,Hyderabad,amit.kumar733@gmail.com
734,  Divya  ,  Gupta  ,1005,  Furniture,9,2937.33,Cash,Chennai,divya.gupta734@gmail.com
735,Arjun,  Singh,1014,  Books,3,1731.62,Net Banking,Mumbai,arjun.singh735@gmail.com
736,  Vamsi,Sharma  ,1019,Electronics,6,1653.34,Cash,Bangalore,vamsi.sharma736@gmail.com
737,  Vamsi,Rao  ,1031,  Groceries  ,9,3078.39,UPI,Kolkata,vamsi.rao737@gmail.com
738,Sneha,Naidu,1025,  Groceries  ,5,3846.59,Net Banking,Bangalore,sneha.naidu738@gmail.com
739,Priya,Gupta  ,1095,Electronics  ,2,4293.74,UPI,Bangalore,priya.gupta739@gmail.com
740,  Arjun  ,Rao  ,1061,  Sports  ,3,1821.16,Net Banking,Pune,arjun.rao740@gmail.com
741,  Sneha  ,  Singh,1048,Furniture  ,7,3255.45,Cash,Pune,sneha.singh741@gmail.com
744,Ravi  ,Das  ,1095,  Groceries  ,9,1887.2,Debit Card,Kolkata,ravi.das744@gmail.com
745,  Priya  ,  Naidu  ,1009,Groceries,6,3901.36,UPI,Mumbai,priya.naidu745@gmail.com
746,  Divya,  Rao  ,1012,Electronics,1,782.45,Credit Card,Bangalore,divya.rao746@gmail.com
750,  Priya,Reddy,1067,  Electronics,6,1436.07,Cash,Kolkata,priya.reddy750@gmail.com
751,Vamsi  ,  Kumar,1009,  Furniture  ,9,1113.73,UPI,Mumbai,vamsi.kumar751@gmail.com
752,  Kiran,Naidu,1029,  Groceries  ,1,4067.27,UPI,Delhi,kiran.naidu752@gmail.com
755,  Divya  ,Sharma,1055,Groceries,6,1820.04,Cash,Mumbai,divya.sharma755@gmail.com
756,  Neha  ,Sharma,1071,  Books,4,3397.84,UPI,Pune,neha.sharma756@gmail.com
761,Anjali  ,Verma,1068,  Books,7,2589.94,Cash,Mumbai,anjali.verma761@gmail.com
762,  Priya  ,Patel  ,1091,  Furniture  ,9,2012.57,Credit Card,Delhi,priya.patel762@gmail.com
763,Ramesh  ,Naidu,1069,Sports,4,827.68,Net Banking,Bangalore,ramesh.naidu763@gmail.com
765,Kavya,Reddy  ,1063,Groceries  ,8,831.6,Debit Card,Kolkata,kavya.reddy765@gmail.com
766,Kiran,Verma  ,1037,  Clothing  ,4,1610.56,Credit Card,Pune,kiran.verma766@gmail.com
770,Anjali,Sharma,1011,Books  ,2,3318.65,Credit Card,Chennai,anjali.sharma770@gmail.com
771,Vamsi  ,Verma  ,1083,Clothing,10,964.17,Credit Card,Mumbai,vamsi.verma771@gmail.com
772,  Ravi  ,Verma,1096,Books,7,3646.15,Credit Card,Hyderabad,ravi.verma772@gmail.com
775,  Ravi,Sharma,1018,Clothing,3,700.66,Debit Card,Delhi,ravi.sharma775@gmail.com
777,Vamsi,  Sharma,1002,Books  ,4,4712.44,Debit Card,Kolkata,vamsi.sharma777@gmail.com
778,  Priya,  Patel  ,1061,Electronics  ,6,2949.6,Debit Card,Mumbai,priya.patel778@gmail.com
779,Vamsi  ,  Das,1075,Electronics,10,4208.34,Net Banking,Hyderabad,vamsi.das779@gmail.com
781,  Rahul  ,Reddy,1083,  Electronics  ,1,3842.24,Debit Card,Chennai,rahul.reddy781@gmail.com
782,  Kiran,  Das  ,1003,Clothing,10,2545.16,Net Banking,Bangalore,kiran.das782@gmail.com
785,  Ravi,Patel  ,1043,  Furniture,2,1091.61,Debit Card,Mumbai,ravi.patel785@gmail.com
786,Anjali  ,Singh  ,1038,  Books,7,1222.55,UPI,Hyderabad,anjali.singh786@gmail.com
789,Neha  ,  Gupta,1055,  Books,3,2834.93,UPI,Pune,neha.gupta789@gmail.com
791,  Priya,  Kumar  ,1027,  Furniture,1,190.12,Net Banking,Hyderabad,priya.kumar791@gmail.com
794,Vamsi,  Sharma,1081,  Furniture,9,2286.97,UPI,Chennai,vamsi.sharma794@gmail.com
795,  Priya,  Reddy,1060,Clothing,7,1763.15,Net Banking,Chennai,priya.reddy795@gmail.com
796,Sneha,  Patel  ,1061,Furniture,1,4317.56,Credit Card,Mumbai,sneha.patel796@gmail.com
797,Suresh  ,Das,1011,Sports,3,4793.97,UPI,Chennai,suresh.das797@gmail.com
798,Neha,Naidu  ,1010,Electronics,3,1799.78,UPI,Bangalore,neha.naidu798@gmail.com
799,Neha,Singh,1090,Clothing,3,3857.99,Net Banking,Delhi,neha.singh799@gmail.com
800,  Ravi  ,  Kumar  ,1070,Furniture,4,1730.36,Credit Card,Chennai,ravi.kumar800@gmail.com
802,Kiran  ,  Das,1008,  Groceries,7,4199.89,Cash,Pune,kiran.das802@gmail.com
803,Neha  ,  Singh  ,1046,Books,7,1048.37,Credit Card,Hyderabad,neha.singh803@gmail.com
804,  Arjun  ,  Singh  ,1040,  Books,1,3848.75,Credit Card,Kolkata,arjun.singh804@gmail.com
805,  Sneha,Patel  ,1093,Clothing  ,9,2059.07,Debit Card,Delhi,sneha.patel805@gmail.com
808,  Ramesh  ,Sharma  ,1081,Furniture  ,5,1917.23,Debit Card,Chennai,ramesh.sharma808@gmail.com
809,  Neha,  Verma  ,1085,  Books  ,8,4370.31,Credit Card,Pune,neha.verma809@gmail.com
810,Rahul  ,Kumar  ,1036,  Electronics,2,1355.69,Debit Card,Chennai,rahul.kumar810@gmail.com
811,  Divya,  Reddy,1003,  Furniture  ,9,684.41,Cash,Kolkata,divya.reddy811@gmail.com
814,  Neha  ,Gupta  ,1056,  Electronics,5,3556.53,Credit Card,Chennai,neha.gupta814@gmail.com
815,Arjun  ,Singh  ,1027,Electronics  ,1,874.14,Debit Card,Kolkata,arjun.singh815@gmail.com
816,Kiran,  Patel,1027,Furniture,5,872.1,Net Banking,Hyderabad,kiran.patel816@gmail.com
817,  Arjun  ,  Patel,1084,  Electronics,10,3994.87,Debit Card,Kolkata,arjun.patel817@gmail.com
823,  Anjali  ,  Verma,1069,Sports,8,2102.14,Cash,Hyderabad,anjali.verma823@gmail.com
825,Rahul  ,  Patel,1058,Groceries  ,7,4979.28,Credit Card,Kolkata,rahul.patel825@gmail.com
827,Suresh,Reddy,1059,  Furniture,3,4559.97,Cash,Mumbai,suresh.reddy827@gmail.com
830,Priya  ,  Patel,1010,  Furniture  ,10,4376.12,Net Banking,Hyderabad,priya.patel830@gmail.com
834,Kavya  ,Verma,1008,Clothing,9,543.73,UPI,Delhi,kavya.verma834@gmail.com
835,Neha  ,  Naidu,1092,  Sports,4,3247.73,Cash,Chennai,neha.naidu835@gmail.com
836,  Vamsi,Patel  ,1050,Groceries,5,866.65,Debit Card,Mumbai,vamsi.patel836@gmail.com
837,  Arjun  ,  Verma,1087,  Electronics,10,3121.26,Credit Card,Hyderabad,arjun.verma837@gmail.com
838,  Divya  ,Naidu,1074,Books  ,3,1201.42,Net Banking,Bangalore,divya.naidu838@gmail.com
839,Pooja,  Kumar,1016,  Electronics  ,9,3442.53,Debit Card,Pune,pooja.kumar839@gmail.com
840,  Kiran  ,Reddy,1074,Books  ,2,4753.22,Cash,Mumbai,kiran.reddy840@gmail.com
842,Kavya,  Reddy,1034,Books  ,5,3523.1,Cash,Chennai,kavya.reddy842@gmail.com
843,Pooja,Naidu,1093,  Furniture  ,1,2877.5,UPI,Kolkata,pooja.naidu843@gmail.com
844,  Vamsi,Das  ,1087,  Groceries  ,6,2815.23,Credit Card,Delhi,vamsi.das844@gmail.com
845,Anjali,Das,1075,  Sports,9,3618.07,Credit Card,Bangalore,anjali.das845@gmail.com
846,Pooja  ,Singh  ,1029,Clothing  ,1,3279.3,Debit Card,Mumbai,pooja.singh846@gmail.com
847,Arjun  ,Gupta  ,1093,Sports  ,6,1337.27,Cash,Mumbai,arjun.gupta847@gmail.com
848,Anjali,Kumar,1040,  Sports,3,4564.79,Net Banking,Chennai,anjali.kumar848@gmail.com
849,Vamsi,Patel  ,1052,Clothing,10,3124.88,Credit Card,Pune,vamsi.patel849@gmail.com
850,  Priya  ,  Sharma,1068,  Groceries  ,1,1686.23,UPI,Delhi,priya.sharma850@gmail.com
852,Suresh  ,Rao  ,1083,Sports,6,642.78,Net Banking,Hyderabad,suresh.rao852@gmail.com
853,Suresh  ,  Naidu  ,1087,  Groceries,2,221.84,UPI,Chennai,suresh.naidu853@gmail.com
854,  Vamsi  ,Kumar  ,1058,Books,9,4377.37,UPI,Pune,vamsi.kumar854@gmail.com
856,Arjun  ,  Rao,1096,Groceries  ,1,4757.97,Cash,Chennai,arjun.rao856@gmail.com
859,Sneha,  Kumar  ,1063,  Clothing  ,4,4680.16,Debit Card,Delhi,sneha.kumar859@gmail.com
861,Arjun  ,Das,1072,  Sports  ,4,3337.6,Credit Card,Kolkata,arjun.das861@gmail.com
862,Priya  ,  Verma,1093,  Sports,9,2680.75,Net Banking,Delhi,priya.verma862@gmail.com
863,Ravi,Singh  ,1016,Furniture  ,6,3769.31,UPI,Kolkata,ravi.singh863@gmail.com
864,Vamsi,  Patel  ,1047,Sports,6,4882.37,Cash,Kolkata,vamsi.patel864@gmail.com
865,  Arjun,  Patel,1046,  Groceries  ,9,3439.41,UPI,Kolkata,arjun.patel865@gmail.com
867,  Rahul,  Verma  ,1071,  Groceries,10,1204.9,UPI,Bangalore,rahul.verma867@gmail.com
870,  Amit  ,Naidu  ,1059,  Sports,5,2012.71,Cash,Mumbai,amit.naidu870@gmail.com
871,  Suresh  ,Rao,1071,  Groceries  ,1,394.5,Credit Card,Chennai,suresh.rao871@gmail.com
872,Kavya,Verma,1057,  Books  ,7,667.18,Credit Card,Delhi,kavya.verma872@gmail.com
873,  Neha,  Verma  ,1021,Groceries  ,7,1390.72,Debit Card,Bangalore,neha.verma873@gmail.com
874,  Kavya  ,  Gupta,1054,Groceries,1,3432.66,UPI,Hyderabad,kavya.gupta874@gmail.com
875,  Amit  ,Das,1095,  Sports,4,2673.15,Credit Card,Mumbai,amit.das875@gmail.com
876,  Kiran,  Singh  ,1040,  Furniture  ,5,3820.62,Cash,Bangalore,kiran.singh876@gmail.com
877,Amit  ,Reddy,1047,Books  ,3,1677.8,Credit Card,Hyderabad,amit.reddy877@gmail.com
878,  Kiran,  Patel  ,1046,Electronics  ,3,2438.51,Debit Card,Kolkata,kiran.patel878@gmail.com
881,Suresh,  Singh  ,1038,Electronics,4,1854.91,Cash,Kolkata,suresh.singh881@gmail.com
882,Pooja,Singh  ,1049,  Electronics  ,2,4048.07,Net Banking,Delhi,pooja.singh882@gmail.com
884,Kavya,Verma,1028,  Furniture,6,4465.55,Net Banking,Chennai,kavya.verma884@gmail.com
885,  Arjun  ,  Reddy,1041,  Groceries  ,2,3274.02,Cash,Pune,arjun.reddy885@gmail.com
886,Ravi  ,Sharma,1077,  Books  ,9,1554.73,Credit Card,Chennai,ravi.sharma886@gmail.com
888,  Priya  ,  Singh,1077,  Groceries  ,2,4360.15,UPI,Pune,priya.singh888@gmail.com
889,Divya,  Verma,1013,Groceries,10,918.07,Credit Card,Delhi,divya.verma889@gmail.com
891,Rahul  ,  Patel,1010,Electronics  ,7,2111.89,Debit Card,Kolkata,rahul.patel891@gmail.com
892,  Priya  ,  Sharma  ,1052,Sports  ,7,991.05,UPI,Pune,priya.sharma892@gmail.com
893,Anjali,  Naidu  ,1023,Electronics  ,9,4756.56,UPI,Hyderabad,anjali.naidu893@gmail.com
896,Vamsi,Naidu  ,1004,Books  ,8,3437.41,Credit Card,Hyderabad,vamsi.naidu896@gmail.com
898,Amit,  Kumar,1047,  Groceries  ,8,4016.41,Credit Card,Hyderabad,amit.kumar898@gmail.com
899,  Pooja,Kumar  ,1068,  Furniture  ,7,4648.61,Debit Card,Kolkata,pooja.kumar899@gmail.com
901,Divya  ,  Kumar,1070,  Electronics  ,5,2353.72,Debit Card,Delhi,divya.kumar901@gmail.com
902,Priya,Gupta,1054,Groceries,5,1931.78,UPI,Hyderabad,priya.gupta902@gmail.com
904,Amit,  Naidu,1052,Clothing,9,3301.88,Debit Card,Delhi,amit.naidu904@gmail.com
907,Suresh,  Patel  ,1043,  Groceries,3,3905.6,UPI,Bangalore,suresh.patel907@gmail.com
908,Priya  ,Singh,1022,  Sports  ,3,4629.11,Debit Card,Hyderabad,priya.singh908@gmail.com
913,  Amit  ,Singh  ,1026,Groceries  ,3,525.15,Net Banking,Chennai,amit.singh913@gmail.com
914,  Neha  ,Naidu  ,1024,Clothing  ,5,1268.16,Cash,Pune,neha.naidu914@gmail.com
915,  Suresh  ,Verma  ,1012,  Sports,5,3144.25,Cash,Bangalore,suresh.verma915@gmail.com
916,  Amit,Gupta  ,1003,  Electronics,5,957.05,Debit Card,Kolkata,amit.gupta916@gmail.com
918,  Arjun,  Das  ,1043,Groceries,4,207.42,Credit Card,Pune,arjun.das918@gmail.com
920,  Neha,Sharma,1070,  Electronics  ,7,4447.05,Cash,Pune,neha.sharma920@gmail.com
922,Anjali  ,Naidu  ,1046,Books,1,1477.39,Debit Card,Delhi,anjali.naidu922@gmail.com
923,Arjun,  Kumar  ,1095,Furniture  ,7,3023.3,UPI,Delhi,arjun.kumar923@gmail.com
924,Sneha,  Das  ,1001,Electronics  ,9,240.24,Net Banking,Pune,sneha.das924@gmail.com
926,Vamsi,Sharma  ,1029,  Groceries,9,1196.36,Cash,Pune,vamsi.sharma926@gmail.com
928,  Divya  ,  Naidu  ,1008,  Clothing,3,4800.81,Debit Card,Kolkata,divya.naidu928@gmail.com
930,Priya  ,  Naidu,1057,  Electronics,10,4505.67,Net Banking,Hyderabad,priya.naidu930@gmail.com
932,  Vamsi,  Rao,1035,Groceries  ,8,2861.49,Credit Card,Delhi,vamsi.rao932@gmail.com
935,  Rahul,Kumar,1055,Groceries,9,1289.92,Cash,Bangalore,rahul.kumar935@gmail.com
936,  Kiran,  Rao  ,1062,Furniture,2,672.54,Cash,Mumbai,kiran.rao936@gmail.com
937,  Suresh,Naidu  ,1006,Groceries  ,8,3439.3,UPI,Delhi,suresh.naidu937@gmail.com
939,Suresh,  Das  ,1009,Clothing,2,3421.55,Net Banking,Bangalore,suresh.das939@gmail.com
947,  Kavya,  Naidu,1053,Sports,4,483.7,Credit Card,Hyderabad,kavya.naidu947@gmail.com
948,  Kiran  ,  Das,1026,  Electronics  ,4,3364.27,Cash,Delhi,kiran.das948@gmail.com
949,Rahul,Verma  ,1084,Books  ,5,959.98,UPI,Pune,rahul.verma949@gmail.com
950,Amit,  Rao  ,1082,  Electronics  ,8,3317.98,Debit Card,Mumbai,amit.rao950@gmail.com
951,  Kiran  ,Kumar  ,1076,  Groceries  ,7,2758.3,Debit Card,Hyderabad,kiran.kumar951@gmail.com
952,Suresh  ,Naidu,1020,Groceries  ,3,4729.0,Credit Card,Bangalore,suresh.naidu952@gmail.com
954,Priya,Rao,1090,  Electronics,3,3694.12,UPI,Bangalore,priya.rao954@gmail.com
959,Anjali  ,  Verma  ,1009,  Sports  ,2,3787.49,Debit Card,Chennai,anjali.verma959@gmail.com
962,  Amit  ,  Naidu  ,1094,Furniture  ,8,3881.54,Cash,Bangalore,amit.naidu962@gmail.com
963,Priya  ,Singh,1057,Sports,2,3267.89,Debit Card,Pune,priya.singh963@gmail.com
965,  Ramesh,Sharma  ,1071,Books  ,8,2943.0,Net Banking,Hyderabad,ramesh.sharma965@gmail.com
966,  Rahul,Kumar,1027,Sports  ,2,3425.21,Cash,Hyderabad,rahul.kumar966@gmail.com
967,Sneha,  Reddy,1055,Sports,10,1704.89,Net Banking,Hyderabad,sneha.reddy967@gmail.com
968,  Suresh,Patel  ,1076,Books,9,2590.34,Net Banking,Delhi,suresh.patel968@gmail.com
970,Ramesh  ,Sharma  ,1089,  Electronics,9,2817.05,Net Banking,Chennai,ramesh.sharma970@gmail.com
975,  Amit,Gupta  ,1075,Electronics  ,8,3614.12,Cash,Pune,amit.gupta975@gmail.com
977,Suresh,  Verma  ,1023,  Clothing  ,8,1414.93,UPI,Pune,suresh.verma977@gmail.com
978,Neha  ,  Rao,1066,  Sports,10,3901.82,Net Banking,Pune,neha.rao978@gmail.com
980,Anjali,Singh  ,1009,Furniture,8,2470.0,Cash,Chennai,anjali.singh980@gmail.com
981,Kiran,Das,1087,Books  ,2,4678.38,Cash,Bangalore,kiran.das981@gmail.com
982,Divya,  Kumar,1092,Electronics,3,942.24,Debit Card,Kolkata,divya.kumar982@gmail.com
985,  Vamsi,  Patel,1092,  Sports  ,3,2538.49,Net Banking,Delhi,vamsi.patel985@gmail.com
986,Priya,  Rao  ,1017,Sports  ,6,4149.28,Credit Card,Delhi,priya.rao986@gmail.com
988,  Pooja,Singh,1089,  Sports,2,4346.53,Cash,Delhi,pooja.singh988@gmail.com
991,  Amit  ,  Singh,1010,  Furniture,4,2027.27,Net Banking,Bangalore,amit.singh991@gmail.com
995,  Sneha  ,  Naidu,1075,  Groceries  ,3,573.94,Net Banking,Mumbai,sneha.naidu995@gmail.com
996,  Ravi  ,Patel,1039,Furniture,2,3961.9,Net Banking,Bangalore,ravi.patel996@gmail.com
998,Sneha  ,  Patel  ,1068,Sports,8,4049.13,UPI,Delhi,sneha.patel998@gmail.com
999,Rahul,Gupta,1078,  Books,1,2362.73,UPI,Hyderabad,rahul.gupta999@gmail.com
1000,Neha,Naidu,1086,  Books  ,5,3577.63,Card,Bangalore,neha.naidu1000@gmail.com
1001,Arjun,Kumar,1010,  Clothing,3,4885.43,Cash,Chennai,arjun.kumar1001@gmail.com
1002,Amit,Verma,1077,  Clothing  ,8,3994.5,Net Banking,Mumbai,amit.verma1002@gmail.com
1003,Vamsi,Sharma,1013,  Electronics,6,2416.81,Wallet,Delhi,vamsi.sharma1003@gmail.com
1004,Anjali,Reddy,1038,  Electronics  ,6,4655.8,UPI,Pune,anjali.reddy1004@gmail.com
1005,Priya,Singh,1065,  Furniture,8,4166.98,Card,Kolkata,priya.singh1005@gmail.com
1006,Ravi,Rao,1045,  Furniture  ,6,1368.02,Cash,Hyderabad,ravi.rao1006@gmail.com
1007,Sneha,Das,1056,  Groceries,1,599.94,Net Banking,Bangalore,sneha.das1007@gmail.com
1008,Kiran,Patel,1083,  Groceries  ,9,3268.82,Wallet,Chennai,kiran.patel1008@gmail.com
1009,Rahul,Gupta,1076,  Sports,2,1966.27,UPI,Mumbai,rahul.gupta1009@gmail.com
1010,Neha,Naidu,1098,  Sports  ,1,4497.67,Card,Delhi,neha.naidu1010@gmail.com
1011,Arjun,Kumar,1078,Books,7,1214.8,Cash,Pune,arjun.kumar1011@gmail.com
1012,Amit,Verma,1047,Books  ,4,505.88,Net Banking,Kolkata,amit.verma1012@gmail.com
1013,Vamsi,Sharma,1016,Clothing,6,3510.33,Wallet,Hyderabad,vamsi.sharma1013@gmail.com
1014,Anjali,Reddy,1075,Clothing  ,10,4847.3,UPI,Bangalore,anjali.reddy1014@gmail.com
1015,Priya,Singh,1033,Electronics,5,2041.16,Card,Chennai,priya.singh1015@gmail.com
1016,Ravi,Rao,1047,Electronics  ,1,1190.52,Cash,Mumbai,ravi.rao1016@gmail.com
1017,Sneha,Das,1013,Furniture,5,2535.81,Net Banking,Delhi,sneha.das1017@gmail.com
1018,Kiran,Patel,1023,Furniture  ,4,3448.13,Wallet,Pune,kiran.patel1018@gmail.com
1019,Rahul,Gupta,1044,Groceries,10,4213.59,UPI,Kolkata,rahul.gupta1019@gmail.com
1020,Neha,Naidu,1071,Groceries  ,7,1768.12,Card,Hyderabad,neha.naidu1020@gmail.com
1021,Arjun,Kumar,1084,Sports,8,4082.39,Cash,Bangalore,arjun.kumar1021@gmail.com
1022,Amit,Verma,1039,Sports  ,9,1655.14,Net Banking,Chennai,amit.verma1022@gmail.com
1023,Vamsi,Sharma,1069,  Books,3,956.84,Wallet,Mumbai,vamsi.sharma1023@gmail.com
1024,Anjali,Reddy,1020,  Books  ,9,334.6,UPI,Delhi,anjali.reddy1024@gmail.com
1025,Priya,Singh,1079,  Clothing,8,3424.8,Card,Pune,priya.singh1025@gmail.com
1026,Ravi,Rao,1071,  Clothing  ,5,3969.43,Cash,Kolkata,ravi.rao1026@gmail.com
1027,Sneha,Das,1046,  Electronics,6,2973.08,Net Banking,Hyderabad,sneha.das1027@gmail.com
1028,Kiran,Patel,1014,  Electronics  ,1,838.29,Wallet,Bangalore,kiran.patel1028@gmail.com
1029,Rahul,Gupta,1067,  Furniture,5,2514.15,UPI,Chennai,rahul.gupta1029@gmail.com
1030,Neha,Naidu,1057,  Furniture  ,9,3895.49,Card,Mumbai,neha.naidu1030@gmail.com
1031,Arjun,Kumar,1064,  Groceries,6,2901.82,Cash,Delhi,arjun.kumar1031@gmail.com
1032,Amit,Verma,1056,  Groceries  ,1,1728.57,Net Banking,Pune,amit.verma1032@gmail.com
1033,Vamsi,Sharma,1004,  Sports,7,2352.57,Wallet,Kolkata,vamsi.sharma1033@gmail.com
1034,Anjali,Reddy,1022,  Sports  ,10,2220.08,UPI,Hyderabad,anjali.reddy1034@gmail.com
1035,Priya,Singh,1086,Books,10,1399.52,Card,Bangalore,priya.singh1035@gmail.com
1036,Ravi,Rao,1006,Books  ,9,1622.5,Cash,Chennai,ravi.rao1036@gmail.com
1037,Sneha,Das,1030,Clothing,10,3411.01,Net Banking,Mumbai,sneha.das1037@gmail.com
1038,Kiran,Patel,1056,Clothing  ,2,3984.32,Wallet,Delhi,kiran.patel1038@gmail.com
1039,Rahul,Gupta,1067,Electronics,10,2210.02,UPI,Pune,rahul.gupta1039@gmail.com
1040,Neha,Naidu,1082,Electronics  ,5,1084.77,Card,Kolkata,neha.naidu1040@gmail.com
1041,Arjun,Kumar,1003,Furniture,4,723.22,Cash,Hyderabad,arjun.kumar1041@gmail.com
1042,Amit,Verma,1073,Furniture  ,8,2470.82,Net Banking,Bangalore,amit.verma1042@gmail.com
1043,Vamsi,Sharma,1017,Groceries,8,2654.91,Wallet,Chennai,vamsi.sharma1043@gmail.com
1044,Anjali,Reddy,1016,Groceries  ,10,3572.71,UPI,Mumbai,anjali.reddy1044@gmail.com
1045,Priya,Singh,1045,Sports,5,2090.8,Card,Delhi,priya.singh1045@gmail.com
1046,Ravi,Rao,1031,Sports  ,3,3262.33,Cash,Pune,ravi.rao1046@gmail.com
1047,Sneha,Das,1037,  Books,7,711.95,Net Banking,Kolkata,sneha.das1047@gmail.com
1048,Kiran,Patel,1012,  Books  ,4,4820.92,Wallet,Hyderabad,kiran.patel1048@gmail.com
1049,Rahul,Gupta,1091,  Clothing,4,3588.62,UPI,Bangalore,rahul.gupta1049@gmail.com
1050,Neha,Naidu,1027,  Clothing  ,5,4855.13,Card,Chennai,neha.naidu1050@gmail.com
1051,Arjun,Kumar,1078,  Electronics,3,3669.38,Cash,Mumbai,arjun.kumar1051@gmail.com
1052,Amit,Verma,1045,  Electronics  ,8,1579.54,Net Banking,Delhi,amit.verma1052@gmail.com
1053,Vamsi,Sharma,1010,  Furniture,1,4542.23,Wallet,Pune,vamsi.sharma1053@gmail.com
1054,Anjali,Reddy,1046,  Furniture  ,2,1251.11,UPI,Kolkata,anjali.reddy1054@gmail.com
1055,Priya,Singh,1031,  Groceries,8,3022.33,Card,Hyderabad,priya.singh1055@gmail.com
1056,Ravi,Rao,1018,  Groceries  ,6,4326.09,Cash,Bangalore,ravi.rao1056@gmail.com
1057,Sneha,Das,1076,  Sports,1,3681.48,Net Banking,Chennai,sneha.das1057@gmail.com
1058,Kiran,Patel,1044,  Sports  ,7,3248.35,Wallet,Mumbai,kiran.patel1058@gmail.com
1059,Rahul,Gupta,1059,Books,2,3354.28,UPI,Delhi,rahul.gupta1059@gmail.com
1060,Neha,Naidu,1009,Books  ,7,2254.29,Card,Pune,neha.naidu1060@gmail.com
1061,Arjun,Kumar,1005,Clothing,8,2621.76,Cash,Kolkata,arjun.kumar1061@gmail.com
1062,Amit,Verma,1033,Clothing  ,2,979.26,Net Banking,Hyderabad,amit.verma1062@gmail.com
1063,Vamsi,Sharma,1011,Electronics,7,3061.93,Wallet,Bangalore,vamsi.sharma1063@gmail.com
1064,Anjali,Reddy,1018,Electronics  ,8,4648.06,UPI,Chennai,anjali.reddy1064@gmail.com
1065,Priya,Singh,1059,Furniture,10,1930.29,Card,Mumbai,priya.singh1065@gmail.com
1066,Ravi,Rao,1060,Furniture  ,7,407.18,Cash,Delhi,ravi.rao1066@gmail.com
1067,Sneha,Das,1096,Groceries,2,2566.83,Net Banking,Pune,sneha.das1067@gmail.com
1068,Kiran,Patel,1079,Groceries  ,5,688.83,Wallet,Kolkata,kiran.patel1068@gmail.com
1069,Rahul,Gupta,1049,Sports,3,2606.32,UPI,Hyderabad,rahul.gupta1069@gmail.com
1070,Neha,Naidu,1094,Sports  ,5,2987.12,Card,Bangalore,neha.naidu1070@gmail.com
1071,Arjun,Kumar,1048,  Books,6,1554.79,Cash,Chennai,arjun.kumar1071@gmail.com
1072,Amit,Verma,1034,  Books  ,10,2747.16,Net Banking,Mumbai,amit.verma1072@gmail.com
1073,Vamsi,Sharma,1044,  Clothing,9,401.58,Wallet,Delhi,vamsi.sharma1073@gmail.com
1074,Anjali,Reddy,1083,  Clothing  ,4,4511.96,UPI,Pune,anjali.reddy1074@gmail.com
1075,Priya,Singh,1015,  Electronics,6,2903.97,Card,Kolkata,priya.singh1075@gmail.com
1076,Ravi,Rao,1011,  Electronics  ,4,3459.53,Cash,Hyderabad,ravi.rao1076@gmail.com
1077,Sneha,Das,1029,  Furniture,2,3399.29,Net Banking,Bangalore,sneha.das1077@gmail.com
1078,Kiran,Patel,1073,  Furniture  ,8,3912.64,Wallet,Chennai,kiran.patel1078@gmail.com
1079,Rahul,Gupta,1011,  Groceries,4,4605.26,UPI,Mumbai,rahul.gupta1079@gmail.com
1080,Neha,Naidu,1024,  Groceries  ,10,475.84,Card,Delhi,neha.naidu1080@gmail.com
1081,Arjun,Kumar,1056,  Sports,2,2043.33,Cash,Pune,arjun.kumar1081@gmail.com
1082,Amit,Verma,1083,  Sports  ,4,4098.78,Net Banking,Kolkata,amit.verma1082@gmail.com
1083,Vamsi,Sharma,1032,Books,10,4778.63,Wallet,Hyderabad,vamsi.sharma1083@gmail.com
1084,Anjali,Reddy,1030,Books  ,7,2720.77,UPI,Bangalore,anjali.reddy1084@gmail.com
1085,Priya,Singh,1026,Clothing,10,4699.4,Card,Chennai,priya.singh1085@gmail.com
1086,Ravi,Rao,1017,Clothing  ,2,511.08,Cash,Mumbai,ravi.rao1086@gmail.com
1087,Sneha,Das,1044,Electronics,3,4964.17,Net Banking,Delhi,sneha.das1087@gmail.com
1088,Kiran,Patel,1090,Electronics  ,2,3818.46,Wallet,Pune,kiran.patel1088@gmail.com
1089,Rahul,Gupta,1090,Furniture,9,4499.2,UPI,Kolkata,rahul.gupta1089@gmail.com
1090,Neha,Naidu,1052,Furniture  ,2,1784.87,Card,Hyderabad,neha.naidu1090@gmail.com
1091,Arjun,Kumar,1078,Groceries,1,3409.81,Cash,Bangalore,arjun.kumar1091@gmail.com
1092,Amit,Verma,1038,Groceries  ,5,743.99,Net Banking,Chennai,amit.verma1092@gmail.com
1093,Vamsi,Sharma,1075,Sports,8,1533.56,Wallet,Mumbai,vamsi.sharma1093@gmail.com
1094,Anjali,Reddy,1094,Sports  ,1,1432.56,UPI,Delhi,anjali.reddy1094@gmail.com
1095,Priya,Singh,1013,  Books,1,4206.23,Card,Pune,priya.singh1095@gmail.com
1096,Ravi,Rao,1016,  Books  ,9,1142.56,Cash,Kolkata,ravi.rao1096@gmail.com
1097,Sneha,Das,1060,  Clothing,4,4410.44,Net Banking,Hyderabad,sneha.das1097@gmail.com
1098,Kiran,Patel,1020,  Clothing  ,1,1758.52,Wallet,Bangalore,kiran.patel1098@gmail.com
1099,Rahul,Gupta,1078,  Electronics,10,4867.58,UPI,Chennai,rahul.gupta1099@gmail.com
1100,Neha,Naidu,1051,  Electronics  ,5,976.32,Card,Mumbai,neha.naidu1100@gmail.com
1101,Arjun,Kumar,1002,  Furniture,10,1379.38,Cash,Delhi,arjun.kumar1101@gmail.com
1102,Amit,Verma,1014,  Furniture  ,3,3485.0,Net Banking,Pune,amit.verma1102@gmail.com
1103,Vamsi,Sharma,1013,  Groceries,10,2679.75,Wallet,Kolkata,vamsi.sharma1103@gmail.com
1104,Anjali,Reddy,1070,  Groceries  ,10,3031.25,UPI,Hyderabad,anjali.reddy1104@gmail.com
1105,Priya,Singh,1020,  Sports,5,4079.39,Card,Bangalore,priya.singh1105@gmail.com
1106,Ravi,Rao,1072,  Sports  ,1,3773.22,Cash,Chennai,ravi.rao1106@gmail.com
1107,Sneha,Das,1014,Books,9,881.64,Net Banking,Mumbai,sneha.das1107@gmail.com
1108,Kiran,Patel,1093,Books  ,6,2168.62,Wallet,Delhi,kiran.patel1108@gmail.com
1109,Rahul,Gupta,1031,Clothing,10,2596.35,UPI,Pune,rahul.gupta1109@gmail.com
1110,Neha,Naidu,1067,Clothing  ,6,4791.43,Card,Kolkata,neha.naidu1110@gmail.com
1111,Arjun,Kumar,1029,Electronics,6,4646.6,Cash,Hyderabad,arjun.kumar1111@gmail.com
1112,Amit,Verma,1003,Electronics  ,5,2909.43,Net Banking,Bangalore,amit.verma1112@gmail.com
1113,Vamsi,Sharma,1064,Furniture,2,797.72,Wallet,Chennai,vamsi.sharma1113@gmail.com
1114,Anjali,Reddy,1015,Furniture  ,8,2269.84,UPI,Mumbai,anjali.reddy1114@gmail.com
1115,Priya,Singh,1097,Groceries,1,3101.4,Card,Delhi,priya.singh1115@gmail.com
1116,Ravi,Rao,1094,Groceries  ,2,4080.5,Cash,Pune,ravi.rao1116@gmail.com
1117,Sneha,Das,1047,Sports,5,3988.39,Net Banking,Kolkata,sneha.das1117@gmail.com
1118,Kiran,Patel,1002,Sports  ,9,812.98,Wallet,Hyderabad,kiran.patel1118@gmail.com
1119,Rahul,Gupta,1083,  Books,3,4045.04,UPI,Bangalore,rahul.gupta1119@gmail.com
1120,Neha,Naidu,1024,  Books  ,5,2794.62,Card,Chennai,neha.naidu1120@gmail.com
1121,Arjun,Kumar,1061,  Clothing,8,4378.37,Cash,Mumbai,arjun.kumar1121@gmail.com
1122,Amit,Verma,1061,  Clothing  ,8,2239.09,Net Banking,Delhi,amit.verma1122@gmail.com
1123,Vamsi,Sharma,1038,  Electronics,2,2301.65,Wallet,Pune,vamsi.sharma1123@gmail.com
1124,Anjali,Reddy,1066,  Electronics  ,2,4377.21,UPI,Kolkata,anjali.reddy1124@gmail.com
1125,Priya,Singh,1046,  Furniture,3,1464.85,Card,Hyderabad,priya.singh1125@gmail.com
1126,Ravi,Rao,1024,  Furniture  ,3,3806.27,Cash,Bangalore,ravi.rao1126@gmail.com
1127,Sneha,Das,1082,  Groceries,9,794.81,Net Banking,Chennai,sneha.das1127@gmail.com
1128,Kiran,Patel,1007,  Groceries  ,9,3093.84,Wallet,Mumbai,kiran.patel1128@gmail.com
1129,Rahul,Gupta,1015,  Sports,4,4175.92,UPI,Delhi,rahul.gupta1129@gmail.com
1130,Neha,Naidu,1032,  Sports  ,4,976.2,Card,Pune,neha.naidu1130@gmail.com
1131,Arjun,Kumar,1093,Books,10,1078.0,Cash,Kolkata,arjun.kumar1131@gmail.com
1132,Amit,Verma,1029,Books  ,2,1021.98,Net Banking,Hyderabad,amit.verma1132@gmail.com
1133,Vamsi,Sharma,1012,Clothing,5,399.4,Wallet,Bangalore,vamsi.sharma1133@gmail.com
1134,Anjali,Reddy,1006,Clothing  ,8,1120.81,UPI,Chennai,anjali.reddy1134@gmail.com
1135,Priya,Singh,1006,Electronics,9,3078.38,Card,Mumbai,priya.singh1135@gmail.com
1136,Ravi,Rao,1069,Electronics  ,6,2150.06,Cash,Delhi,ravi.rao1136@gmail.com
1137,Sneha,Das,1032,Furniture,9,2671.27,Net Banking,Pune,sneha.das1137@gmail.com
1138,Kiran,Patel,1088,Furniture  ,8,4300.32,Wallet,Kolkata,kiran.patel1138@gmail.com
1139,Rahul,Gupta,1005,Groceries,6,1153.04,UPI,Hyderabad,rahul.gupta1139@gmail.com
1140,Neha,Naidu,1024,Groceries  ,9,1472.12,Card,Bangalore,neha.naidu1140@gmail.com
1141,Arjun,Kumar,1058,Sports,7,2256.43,Cash,Chennai,arjun.kumar1141@gmail.com
1142,Amit,Verma,1005,Sports  ,3,2055.99,Net Banking,Mumbai,amit.verma1142@gmail.com
1143,Vamsi,Sharma,1053,  Books,10,777.86,Wallet,Delhi,vamsi.sharma1143@gmail.com
1144,Anjali,Reddy,1084,  Books  ,1,544.22,UPI,Pune,anjali.reddy1144@gmail.com
1145,Priya,Singh,1093,  Clothing,5,765.83,Card,Kolkata,priya.singh1145@gmail.com
1146,Ravi,Rao,1085,  Clothing  ,9,4542.47,Cash,Hyderabad,ravi.rao1146@gmail.com
1147,Sneha,Das,1098,  Electronics,3,4069.52,Net Banking,Bangalore,sneha.das1147@gmail.com
1148,Kiran,Patel,1078,  Electronics  ,6,3319.67,Wallet,Chennai,kiran.patel1148@gmail.com
